Timestamp,Left,Right,Left_deg,Right_deg,Accel_X,Accel_Y,Accel_Z,Gyro_X,Gyro_Y,Gyro_Z,Pitch,Roll,Yaw,Battery_V,Battery_Percent,ESP_Tag_ID,ESP_Yaw,ESP_Pitch,ESP_Roll,ESP_X,ESP_Y,ESP_Z
2025-11-27 16:51:50,102774,183682,9032.87,16143.93,-0.18,-0.23,1.11,2.4,-14.28,1.45,-11.57,8.95,112.15,6.71,50,0,0.0,0.0,0.0,0.0,0.0,0.0
2025-11-27 16:51:50,102806,183736,9035.68,16148.67,-0.14,-0.11,1.03,-3.02,-4.89,-0.47,-6.0,8.0,112.02,6.71,50,0,0.0,0.0,0.0,0.0,0.0,0.0
2025-11-27 16:51:51,102837,183793,9038.41,16153.68,-0.19,0.1,1.39,3.56,8.21,4.36,4.24,7.81,112.11,6.71,50,0,0.0,0.0,0.0,0.0,0.0,0.0
2025-11-27 16:51:51,102869,183848,9041.22,16158.52,-0.2,0.05,1.27,4.8,-19.34,5.61,2.18,9.03,112.24,6.71,50,0,0.0,0.0,0.0,0.0,0.0,0.0
2025-11-27 16:51:51,102899,183901,9043.86,16163.17,0.14,-0.26,0.93,-1.34,-2.66,-2.36,-15.41,-8.54,112.34,6.71,50,0,0.0,0.0,0.0,0.0,0.0,0.0
2025-11-27 16:51:51,102932,183957,9046.76,16168.1,-0.07,-0.12,1.03,-7.88,-9.02,-4.57,-6.66,3.96,112.24,6.71,50,0,0.0,0.0,0.0,0.0,0.0,0.0
2025-11-27 16:51:51,102964,184012,9049.57,16172.93,-0.12,-0.01,1.39,-2.47,6.6,-3.56,-0.29,4.8,112.16,6.71,50,0,0.0,0.0,0.0,0.0,0.0,0.0
2025-11-27 16:51:51,102995,184066,9052.29,16177.68,-0.15,0.22,1.18,-0.56,2.36,3.34,10.54,7.49,112.2,6.71,50,0,0.0,0.0,0.0,0.0,0.0,0.0
2025-11-27 16:51:51,103026,184118,9055.02,16182.25,-0.04,-0.02,0.81,1.31,0.33,4.26,-1.44,2.96,112.36,6.71,50,0,0.0,0.0,0.0,0.0,0.0,0.0
2025-11-27 16:51:51,103056,184173,9057.66,16187.08,-0.2,-0.01,0.94,-1.16,14.91,5.17,-0.83,12.09,112.49,6.71,50,0,0.0,0.0,0.0,0.0,0.0,0.0
2025-11-27 16:51:51,103087,184231,9060.38,16192.18,-0.31,-0.03,1.22,-5.41,-2.32,-0.56,-1.25,14.34,112.42,6.71,50,0,0.0,0.0,0.0,0.0,0.0,0.0
2025-11-27 16:51:51,103117,184287,9063.02,16197.1,-0.34,0.14,1.37,0.76,-13.24,4.85,5.72,13.81,112.41,6.71,50,0,0.0,0.0,0.0,0.0,0.0,0.0
2025-11-27 16:51:51,103146,184341,9065.57,16201.85,0.05,0.03,0.95,-0.82,10.87,2.99,1.9,-3.0,112.44,6.71,50,0,0.0,0.0,0.0,0.0,0.0,0.0
2025-11-27 16:51:51,103176,184399,9068.2,16206.94,0.12,0.09,0.91,-3.59,41.39,-1.35,5.91,-7.28,112.41,6.71,50,0,0.0,0.0,0.0,0.0,0.0,0.0
2025-11-27 16:51:51,103204,184454,9070.66,16211.78,-0.16,0.04,1.16,-1.56,16.57,2.17,2.16,7.68,112.41,6.71,50,0,0.0,0.0,0.0,0.0,0.0,0.0
2025-11-27 16:51:51,103234,184512,9073.3,16216.88,-0.58,-0.06,1.43,-4.08,-11.3,2.7,-2.09,22.0,112.46,6.71,50,0,0.0,0.0,0.0,0.0,0.0,0.0
2025-11-27 16:51:51,103262,184569,9075.76,16221.88,-0.23,-0.09,1.18,-1.64,5.0,1.86,-4.45,10.87,112.4,6.71,50,0,0.0,0.0,0.0,0.0,0.0,0.0
2025-11-27 16:51:51,103291,184625,9078.31,16226.81,-0.24,0.06,0.99,0.27,-21.5,4.18,3.46,13.86,112.43,6.71,50,0,0.0,0.0,0.0,0.0,0.0,0.0
2025-11-27 16:51:51,103320,184682,9080.86,16231.82,0.12,-0.05,0.83,-0.63,28.15,-0.37,-3.23,-7.95,112.44,6.71,50,0,0.0,0.0,0.0,0.0,0.0,0.0
2025-11-27 16:51:51,103350,184738,9083.5,16236.74,0.14,0.34,1.14,-8.69,-3.82,1.2,16.55,-6.91,112.48,6.71,50,0,0.0,0.0,0.0,0.0,0.0,0.0
2025-11-27 16:51:51,103378,184793,9085.96,16241.57,0.38,-0.04,0.69,-5.89,16.84,0.07,-2.75,-28.63,112.59,6.71,50,0,0.0,0.0,0.0,0.0,0.0,0.0
2025-11-27 16:51:51,103410,184850,9088.77,16246.58,-0.63,-0.02,1.48,-6.28,13.05,-2.4,-0.88,23.26,112.58,6.71,50,0,0.0,0.0,0.0,0.0,0.0,0.0
2025-11-27 16:51:52,103440,184906,9091.41,16251.5,-0.12,-0.01,1.26,-3.0,-40.08,2.15,-0.67,5.54,112.51,6.71,50,0,0.0,0.0,0.0,0.0,0.0,0.0
2025-11-27 16:51:52,103471,184962,9094.13,16256.43,0.11,0.02,0.92,0.59,39.49,1.68,1.33,-6.98,112.67,6.71,50,0,0.0,0.0,0.0,0.0,0.0,0.0
2025-11-27 16:51:52,103501,185016,9096.77,16261.17,-0.31,-0.19,1.22,-4.27,-2.28,-6.31,-8.36,14.42,112.63,6.71,50,0,0.0,0.0,0.0,0.0,0.0,0.0
2025-11-27 16:51:52,103533,185072,9099.58,16266.09,-0.02,0.1,0.98,-1.6,9.2,3.14,5.84,1.17,112.62,6.71,50,0,0.0,0.0,0.0,0.0,0.0,0.0
2025-11-27 16:51:52,103564,185126,9102.3,16270.84,0.46,0.16,0.75,-1.56,2.85,3.89,10.31,-31.31,112.62,6.71,50,0,0.0,0.0,0.0,0.0,0.0,0.0
2025-11-27 16:51:52,103595,185181,9105.03,16275.67,-0.35,0.13,1.26,4.05,-8.86,10.44,5.5,15.62,112.83,6.71,50,0,0.0,0.0,0.0,0.0,0.0,0.0
2025-11-27 16:51:52,103627,185235,9107.84,16280.42,0.24,-0.04,0.71,-1.11,8.08,4.54,-2.85,-18.92,112.95,6.71,50,0,0.0,0.0,0.0,0.0,0.0,0.0
2025-11-27 16:51:52,103657,185287,9110.48,16284.99,0.13,-0.11,0.87,-1.64,28.72,-2.09,-7.35,-8.43,112.99,6.71,50,0,0.0,0.0,0.0,0.0,0.0,0.0
2025-11-27 16:51:52,103690,185342,9113.38,16289.82,-0.21,-0.08,1.41,-4.67,-5.51,-3.85,-3.29,8.47,112.9,6.71,50,0,0.0,0.0,0.0,0.0,0.0,0.0
2025-11-27 16:51:52,103722,185396,9116.19,16294.57,0.03,0.08,1.14,-3.6,11.07,-3.85,4.17,-1.32,112.82,6.71,50,0,0.0,0.0,0.0,0.0,0.0,0.0
2025-11-27 16:51:52,103753,185451,9118.92,16299.4,-0.21,0.14,1.33,0.73,-14.66,5.05,5.89,8.92,112.82,6.71,50,0,0.0,0.0,0.0,0.0,0.0,0.0
2025-11-27 16:51:52,103785,185506,9121.73,16304.24,0.01,0.1,1.14,-0.85,7.52,3.19,4.83,-0.33,112.94,6.71,50,0,0.0,0.0,0.0,0.0,0.0,0.0
2025-11-27 16:51:52,103817,185559,9124.54,16308.9,-0.18,0.1,1.09,-1.56,-1.25,4.53,4.99,9.24,113.07,6.71,50,0,0.0,0.0,0.0,0.0,0.0,0.0
2025-11-27 16:51:52,103849,185617,9127.35,16313.99,-0.14,-0.01,1.08,-1.59,8.9,1.42,-0.44,7.17,113.01,6.71,50,0,0.0,0.0,0.0,0.0,0.0,0.0
2025-11-27 16:51:52,103881,185670,9130.17,16318.65,-0.05,0.04,1.13,-1.48,-12.11,3.34,2.08,2.52,113.02,6.71,50,0,0.0,0.0,0.0,0.0,0.0,0.0
2025-11-27 16:51:52,103912,185728,9132.89,16323.75,0.04,0.12,1.04,-1.84,12.32,3.9,6.79,-2.35,113.1,6.71,50,0,0.0,0.0,0.0,0.0,0.0,0.0
2025-11-27 16:51:52,103944,185784,9135.7,16328.67,-0.11,0.07,1.12,-2.92,35.1,-1.69,3.8,5.51,113.1,6.71,50,0,0.0,0.0,0.0,0.0,0.0,0.0
2025-11-27 16:51:52,103975,185840,9138.43,16333.59,-0.24,0.02,1.45,-1.2,6.65,0.09,0.73,9.27,113.04,6.71,50,0,0.0,0.0,0.0,0.0,0.0,0.0
2025-11-27 16:51:52,104007,185896,9141.24,16338.52,-0.28,0.13,1.21,-2.99,-1.69,4.79,6.1,13.13,113.14,6.71,50,0,0.0,0.0,0.0,0.0,0.0,0.0
2025-11-27 16:51:52,104039,185953,9144.05,16343.53,-0.4,-0.1,1.4,1.17,-8.94,2.71,-3.79,15.98,113.12,6.71,50,0,0.0,0.0,0.0,0.0,0.0,0.0
2025-11-27 16:51:53,104071,186008,9146.87,16348.36,-0.26,0.14,1.15,0.62,-27.02,4.87,6.89,12.46,113.15,6.71,50,0,0.0,0.0,0.0,0.0,0.0,0.0
2025-11-27 16:51:53,104102,186066,9149.59,16353.46,-0.05,-0.1,0.97,-2.53,25.84,1.73,-5.81,3.12,113.27,6.71,50,0,0.0,0.0,0.0,0.0,0.0,0.0
2025-11-27 16:51:53,104134,186121,9152.4,16358.29,-0.32,0.09,1.25,-2.13,13.99,-3.11,4.08,14.47,113.22,6.71,50,0,0.0,0.0,0.0,0.0,0.0,0.0
2025-11-27 16:51:53,104166,186178,9155.21,16363.3,-0.33,0.19,1.3,3.24,-8.29,7.92,8.06,14.11,113.22,6.71,50,0,0.0,0.0,0.0,0.0,0.0,0.0
2025-11-27 16:51:53,104196,186232,9157.85,16368.05,0.06,-0.13,0.94,-1.86,20.31,0.82,-7.6,-3.88,113.3,6.71,50,0,0.0,0.0,0.0,0.0,0.0,0.0
2025-11-27 16:51:53,104229,186289,9160.75,16373.06,0.04,0.05,1.16,-2.15,9.69,-0.18,2.6,-1.79,113.2,6.71,50,0,0.0,0.0,0.0,0.0,0.0,0.0
2025-11-27 16:51:53,104260,186344,9163.48,16377.89,-0.7,0.18,1.55,-1.53,-29.89,5.33,5.93,24.29,113.32,6.71,50,0,0.0,0.0,0.0,0.0,0.0,0.0
2025-11-27 16:51:53,104291,186397,9166.2,16382.55,0.03,0.1,1.03,1.98,8.21,7.87,5.57,-1.44,113.42,6.71,50,0,0.0,0.0,0.0,0.0,0.0,0.0
2025-11-27 16:51:53,104323,186453,9169.01,16387.47,-0.44,0.02,1.2,-2.33,-17.21,2.89,0.93,19.96,113.58,6.71,50,0,0.0,0.0,0.0,0.0,0.0,0.0
2025-11-27 16:51:53,104353,186508,9171.65,16392.3,-0.25,-0.14,1.12,-1.67,-7.08,-0.05,-7.06,12.8,113.54,6.71,50,0,0.0,0.0,0.0,0.0,0.0,0.0
2025-11-27 16:51:53,104382,186563,9174.2,16397.14,0.03,-0.02,1.16,-4.21,-4.55,-5.62,-0.9,-1.39,113.41,6.71,50,0,0.0,0.0,0.0,0.0,0.0,0.0
2025-11-27 16:51:53,104410,186615,9176.66,16401.71,-0.06,0.09,1.13,-0.83,9.18,0.88,4.32,3.12,113.44,6.71,50,0,0.0,0.0,0.0,0.0,0.0,0.0
2025-11-27 16:51:53,104439,186670,9179.21,16406.54,-0.02,-0.05,1.04,-4.27,7.39,-1.96,-2.64,1.33,113.56,6.71,50,0,0.0,0.0,0.0,0.0,0.0,0.0
2025-11-27 16:51:53,104469,186727,9181.85,16411.55,0.02,-0.14,1.04,-1.42,25.9,-1.42,-7.53,-1.02,113.62,6.71,50,0,0.0,0.0,0.0,0.0,0.0,0.0
2025-11-27 16:51:53,104497,186783,9184.31,16416.47,-0.08,-0.13,1.22,-6.41,25.08,-5.89,-5.89,3.56,113.57,6.71,50,0,0.0,0.0,0.0,0.0,0.0,0.0
2025-11-27 16:51:53,104526,186839,9186.86,16421.4,-0.0,0.04,1.02,-1.31,7.42,-0.5,2.51,0.07,113.56,6.71,50,0,0.0,0.0,0.0,0.0,0.0,0.0
2025-11-27 16:51:53,104554,186896,9189.32,16426.41,-0.1,0.1,0.97,-7.36,17.6,-2.53,5.72,5.79,113.59,6.71,50,0,0.0,0.0,0.0,0.0,0.0,0.0
2025-11-27 16:51:53,104583,186951,9191.87,16431.24,-0.82,-0.04,1.7,-5.58,8.35,-5.51,-1.12,25.81,113.55,6.71,50,0,0.0,0.0,0.0,0.0,0.0,0.0
2025-11-27 16:51:53,104612,187007,9194.41,16436.16,-0.09,-0.17,1.07,-1.95,-17.25,2.27,-8.8,4.57,113.67,6.71,50,0,0.0,0.0,0.0,0.0,0.0,0.0
2025-11-27 16:51:53,104642,187065,9197.05,16441.26,0.34,-0.17,0.89,-6.6,-3.97,-1.65,-10.08,-21.26,113.7,6.71,50,0,0.0,0.0,0.0,0.0,0.0,0.0
2025-11-27 16:51:54,104673,187122,9199.78,16446.27,-1.66,0.13,2.0,-0.31,-129.04,8.69,2.78,39.61,113.71,6.71,50,0,0.0,0.0,0.0,0.0,0.0,0.0
2025-11-27 16:51:54,104703,187178,9202.41,16451.19,0.0,-0.02,0.99,-4.06,4.75,-2.85,-1.3,-0.21,113.76,6.71,50,0,0.0,0.0,0.0,0.0,0.0,0.0
2025-11-27 16:51:54,104733,187232,9205.05,16455.94,-0.02,0.03,1.13,-4.87,5.92,-1.68,1.46,0.88,113.74,6.71,50,0,0.0,0.0,0.0,0.0,0.0,0.0
2025-11-27 16:51:54,104764,187291,9207.77,16461.12,-0.46,0.04,1.46,4.28,-5.85,3.23,1.35,17.62,113.83,6.71,50,0,0.0,0.0,0.0,0.0,0.0,0.0
2025-11-27 16:51:54,104795,187347,9210.5,16466.04,0.34,-0.16,0.71,-3.5,29.96,-4.27,-11.78,-25.29,113.9,6.71,50,0,0.0,0.0,0.0,0.0,0.0,0.0
2025-11-27 16:51:54,104826,187403,9213.22,16470.97,-0.17,-0.16,1.28,-3.78,4.55,-6.63,-6.91,7.69,113.8,6.71,50,0,0.0,0.0,0.0,0.0,0.0,0.0
2025-11-27 16:51:54,104857,187457,9215.95,16475.71,0.29,0.07,1.0,-3.27,27.23,-2.44,3.81,-16.29,113.78,6.71,50,0,0.0,0.0,0.0,0.0,0.0,0.0
2025-11-27 16:51:54,104888,187513,9218.67,16480.63,-0.36,-0.1,1.22,0.03,-1.03,0.48,-4.48,16.43,113.93,6.71,50,0,0.0,0.0,0.0,0.0,0.0,0.0
2025-11-27 16:51:54,104921,187570,9221.57,16485.64,-0.1,-0.0,1.26,-4.19,13.15,-5.66,-0.07,4.58,113.83,6.71,50,0,0.0,0.0,0.0,0.0,0.0,0.0
2025-11-27 16:51:54,104952,187624,9224.3,16490.39,-0.14,0.01,1.42,1.0,5.27,1.7,0.54,5.49,113.8,6.71,50,0,0.0,0.0,0.0,0.0,0.0,0.0
2025-11-27 16:51:54,104983,187678,9227.02,16495.14,-0.11,0.05,1.3,-1.33,5.8,-1.36,2.4,4.8,113.89,6.71,50,0,0.0,0.0,0.0,0.0,0.0,0.0
2025-11-27 16:51:54,105015,187734,9229.83,16500.06,0.16,0.08,0.82,-0.35,42.03,2.85,5.11,-11.07,114.09,6.71,50,0,0.0,0.0,0.0,0.0,0.0,0.0
2025-11-27 16:51:54,105047,187789,9232.65,16504.89,-0.2,-0.02,1.35,-4.3,32.77,-4.99,-0.99,8.61,114.06,6.71,50,0,0.0,0.0,0.0,0.0,0.0,0.0
2025-11-27 16:51:54,105079,187843,9235.46,16509.64,-0.26,0.13,1.23,-3.54,-15.36,1.65,5.91,11.83,114.02,6.71,50,0,0.0,0.0,0.0,0.0,0.0,0.0
2025-11-27 16:51:54,105111,187896,9238.27,16514.3,-0.02,0.16,1.19,0.57,7.4,4.37,7.81,1.0,114.01,6.71,50,0,0.0,0.0,0.0,0.0,0.0,0.0
2025-11-27 16:51:54,105142,187951,9241.0,16519.13,-0.16,0.15,1.04,2.08,18.31,5.46,8.18,8.5,114.15,6.71,50,0,0.0,0.0,0.0,0.0,0.0,0.0
2025-11-27 16:51:54,105175,188008,9243.9,16524.14,-0.04,-0.08,0.94,-2.18,22.14,2.44,-4.8,2.72,114.24,6.71,50,0,0.0,0.0,0.0,0.0,0.0,0.0
2025-11-27 16:51:54,105206,188064,9246.62,16529.06,-0.28,-0.07,1.15,-4.24,11.63,-1.61,-3.21,13.83,114.25,6.71,50,0,0.0,0.0,0.0,0.0,0.0,0.0
2025-11-27 16:51:54,105238,188120,9249.43,16533.98,-0.22,-0.07,1.29,0.0,-7.83,4.19,-3.21,9.73,114.27,6.71,50,0,0.0,0.0,0.0,0.0,0.0,0.0
2025-11-27 16:51:54,105270,188177,9252.25,16538.99,-0.01,0.08,0.94,-4.08,22.31,-0.47,4.82,0.86,114.35,6.71,50,0,0.0,0.0,0.0,0.0,0.0,0.0
2025-11-27 16:51:55,105302,188234,9255.06,16544.0,-0.29,0.17,1.41,-2.95,-24.2,3.38,6.9,11.46,114.34,6.71,50,0,0.0,0.0,0.0,0.0,0.0,0.0
2025-11-27 16:51:55,105333,188288,9257.78,16548.75,-0.14,0.04,1.12,-3.43,40.5,0.75,1.84,7.15,114.37,6.71,50,0,0.0,0.0,0.0,0.0,0.0,0.0
2025-11-27 16:51:55,105364,188345,9260.51,16553.76,-0.77,0.12,1.76,-2.42,-17.04,1.89,3.6,23.57,114.36,6.71,50,0,0.0,0.0,0.0,0.0,0.0,0.0
2025-11-27 16:51:55,105396,188404,9263.32,16558.95,-0.6,0.13,1.4,-2.36,-38.22,4.59,4.76,23.02,114.38,6.71,50,0,0.0,0.0,0.0,0.0,0.0,0.0
2025-11-27 16:51:55,105427,188461,9266.04,16563.96,0.04,-0.04,0.98,-4.32,-3.18,2.85,-2.43,-2.59,114.44,6.71,50,0,0.0,0.0,0.0,0.0,0.0,0.0
2025-11-27 16:51:55,105458,188518,9268.77,16568.96,0.44,0.12,0.87,-2.94,36.5,-2.63,6.77,-26.84,114.37,6.71,50,0,0.0,0.0,0.0,0.0,0.0,0.0
2025-11-27 16:51:55,105489,188575,9271.49,16573.97,-0.19,-0.08,1.08,-1.11,12.24,0.8,-4.04,9.84,114.48,6.71,50,0,0.0,0.0,0.0,0.0,0.0,0.0
2025-11-27 16:51:55,105519,188630,9274.13,16578.81,-0.1,0.02,1.06,-5.13,2.56,-0.22,0.92,5.25,114.49,6.71,50,0,0.0,0.0,0.0,0.0,0.0,0.0
2025-11-27 16:51:55,105551,188688,9276.94,16583.91,0.68,0.11,0.79,-3.8,48.29,-4.82,6.2,-40.6,114.48,6.71,50,0,0.0,0.0,0.0,0.0,0.0,0.0
2025-11-27 16:51:55,105581,188745,9279.58,16588.92,0.03,-0.08,1.2,-5.49,4.06,-4.5,-3.62,-1.42,114.48,6.71,50,0,0.0,0.0,0.0,0.0,0.0,0.0
2025-11-27 16:51:55,105611,188801,9282.22,16593.84,-0.06,0.22,1.28,1.38,0.81,1.17,9.59,2.64,114.47,6.71,50,0,0.0,0.0,0.0,0.0,0.0,0.0
2025-11-27 16:51:55,105641,188857,9284.85,16598.76,-0.12,0.01,1.15,-0.54,-10.53,2.5,0.56,6.0,114.62,6.71,50,0,0.0,0.0,0.0,0.0,0.0,0.0
2025-11-27 16:51:55,105670,188912,9287.4,16603.59,-0.38,-0.18,1.24,-5.82,-26.22,-1.76,-7.95,17.18,114.7,6.71,50,0,0.0,0.0,0.0,0.0,0.0,0.0
2025-11-27 16:51:55,105699,188968,9289.95,16608.52,0.15,0.01,0.88,-3.5,1.82,-4.18,0.89,-9.88,114.57,6.71,50,0,0.0,0.0,0.0,0.0,0.0,0.0
2025-11-27 16:51:55,105728,189023,9292.5,16613.35,0.25,0.03,0.9,1.87,-9.21,2.61,1.97,-15.79,114.62,6.71,50,0,0.0,0.0,0.0,0.0,0.0,0.0
2025-11-27 16:51:55,105757,189078,9295.05,16618.18,0.29,-0.02,0.73,-0.75,19.2,3.24,-1.52,-21.52,114.75,6.71,50,0,0.0,0.0,0.0,0.0,0.0,0.0
2025-11-27 16:51:55,105786,189133,9297.6,16623.02,-0.39,-0.04,1.31,-3.1,9.12,-4.53,-1.52,16.44,114.7,6.71,50,0,0.0,0.0,0.0,0.0,0.0,0.0
2025-11-27 16:51:55,105815,189188,9300.15,16627.85,-0.27,0.17,1.22,-2.97,-34.39,2.98,7.64,12.4,114.61,6.71,50,0,0.0,0.0,0.0,0.0,0.0,0.0
2025-11-27 16:51:55,105844,189244,9302.7,16632.77,-0.25,0.17,1.24,2.19,-26.9,7.81,7.49,11.53,114.78,6.71,50,0,0.0,0.0,0.0,0.0,0.0,0.0
2025-11-27 16:51:55,105874,189300,9305.33,16637.7,0.39,-0.07,0.67,-0.31,22.12,1.27,-5.48,-30.36,114.9,6.71,50,0,0.0,0.0,0.0,0.0,0.0,0.0
2025-11-27 16:51:56,105903,189357,9307.88,16642.71,-0.02,-0.03,1.09,-2.13,27.9,0.85,-1.71,1.0,114.89,6.71,50,0,0.0,0.0,0.0,0.0,0.0,0.0
2025-11-27 16:51:56,105933,189414,9310.52,16647.71,0.25,0.02,0.86,0.92,3.41,5.37,1.52,-16.07,114.97,6.71,50,0,0.0,0.0,0.0,0.0,0.0,0.0
2025-11-27 16:51:56,105964,189469,9313.24,16652.55,-0.19,0.1,1.17,-3.13,19.9,0.63,4.93,9.15,114.96,6.71,50,0,0.0,0.0,0.0,0.0,0.0,0.0
2025-11-27 16:51:56,105994,189528,9315.88,16657.73,-0.42,-0.01,1.44,-0.2,-26.51,2.42,-0.41,16.19,114.97,6.71,50,0,0.0,0.0,0.0,0.0,0.0,0.0
2025-11-27 16:51:56,106024,189583,9318.52,16662.57,-0.04,-0.13,0.99,-2.79,-15.46,-0.37,-7.22,2.51,115.04,6.71,50,0,0.0,0.0,0.0,0.0,0.0,0.0
2025-11-27 16:51:56,106054,189640,9321.15,16667.58,0.33,0.17,0.92,-3.4,-16.1,1.85,9.85,-19.71,115.02,6.71,50,0,0.0,0.0,0.0,0.0,0.0,0.0
2025-11-27 16:51:56,106085,189697,9323.88,16672.59,0.18,-0.16,0.89,-2.14,47.36,-7.18,-10.1,-11.31,115.09,6.71,50,0,0.0,0.0,0.0,0.0,0.0,0.0
2025-11-27 16:51:56,106116,189754,9326.6,16677.6,-0.14,0.01,1.21,-1.22,-32.53,1.82,0.69,6.58,115.08,6.71,50,0,0.0,0.0,0.0,0.0,0.0,0.0
2025-11-27 16:51:56,106147,189812,9329.33,16682.7,-0.48,0.03,1.22,5.0,-20.63,7.69,1.44,21.48,115.24,6.71,50,0,0.0,0.0,0.0,0.0,0.0,0.0
2025-11-27 16:51:56,106179,189870,9332.14,16687.79,-0.06,-0.04,1.0,-1.46,18.18,-2.98,-2.54,3.18,115.13,6.71,50,0,0.0,0.0,0.0,0.0,0.0,0.0
2025-11-27 16:51:56,106211,189926,9334.95,16692.71,-0.23,0.14,1.35,2.76,14.0,5.34,5.63,9.66,115.22,6.71,50,0,0.0,0.0,0.0,0.0,0.0,0.0
2025-11-27 16:51:56,106242,189983,9337.68,16697.72,-0.24,-0.25,1.2,2.44,-6.07,0.92,-11.6,11.37,115.29,6.71,50,0,0.0,0.0,0.0,0.0,0.0,0.0
2025-11-27 16:51:56,106273,190038,9340.4,16702.56,0.08,0.15,0.98,-1.66,4.88,0.47,8.84,-4.59,115.16,6.71,50,0,0.0,0.0,0.0,0.0,0.0,0.0
2025-11-27 16:51:56,106305,190093,9343.21,16707.39,-0.22,0.04,1.18,5.24,7.09,8.77,1.98,10.66,115.35,6.72,50,0,0.0,0.0,0.0,0.0,0.0,0.0
2025-11-27 16:51:56,106338,190150,9346.11,16712.4,0.25,0.01,0.73,-1.66,9.67,2.83,0.84,-18.7,115.49,6.72,50,0,0.0,0.0,0.0,0.0,0.0,0.0
2025-11-27 16:51:56,106369,190203,9348.84,16717.06,-0.24,-0.05,1.15,-1.97,24.11,-1.37,-2.49,11.56,115.46,6.72,50,0,0.0,0.0,0.0,0.0,0.0,0.0
2025-11-27 16:51:56,106402,190260,9351.74,16722.07,0.28,-0.01,1.05,-3.6,24.26,-5.55,-0.64,-14.71,115.3,6.72,50,0,0.0,0.0,0.0,0.0,0.0,0.0
2025-11-27 16:51:56,106433,190315,9354.46,16726.9,-0.15,-0.04,1.14,1.65,29.84,0.75,-1.83,7.43,115.42,6.72,50,0,0.0,0.0,0.0,0.0,0.0,0.0
2025-11-27 16:51:56,106465,190369,9357.28,16731.65,0.04,-0.03,0.77,-4.64,-3.7,0.51,-2.56,-3.02,115.54,6.72,50,0,0.0,0.0,0.0,0.0,0.0,0.0
2025-11-27 16:51:56,106496,190424,9360.0,16736.48,-0.38,-0.03,1.24,-6.77,7.15,-3.51,-1.29,16.83,115.54,6.72,50,0,0.0,0.0,0.0,0.0,0.0,0.0
2025-11-27 16:51:57,106528,190479,9362.81,16741.32,0.23,0.05,0.92,-5.86,2.71,-4.63,3.1,-14.31,115.43,6.72,50,0,0.0,0.0,0.0,0.0,0.0,0.0
2025-11-27 16:51:57,106560,190535,9365.62,16746.24,0.3,0.09,0.95,-0.04,4.69,2.76,5.12,-17.32,115.53,6.72,50,0,0.0,0.0,0.0,0.0,0.0,0.0
2025-11-27 16:51:57,106590,190589,9368.26,16750.99,0.1,-0.05,0.88,-1.85,9.79,1.66,-3.33,-6.21,115.66,6.72,50,0,0.0,0.0,0.0,0.0,0.0,0.0
2025-11-27 16:51:57,106623,190648,9371.16,16756.17,-0.34,0.01,1.38,-1.8,-16.91,-0.63,0.43,13.98,115.62,6.72,50,0,0.0,0.0,0.0,0.0,0.0,0.0
2025-11-27 16:51:57,106654,190703,9373.89,16761.01,0.35,-0.1,0.77,-3.17,1.26,-0.48,-6.63,-24.69,115.69,6.72,50,0,0.0,0.0,0.0,0.0,0.0,0.0
2025-11-27 16:51:57,106686,190762,9376.7,16766.19,0.39,-0.04,0.78,-4.63,64.06,-7.73,-2.85,-26.77,115.69,6.72,50,0,0.0,0.0,0.0,0.0,0.0,0.0
2025-11-27 16:51:57,106718,190819,9379.51,16771.2,-0.22,0.03,1.28,-0.2,15.47,-0.98,1.17,9.85,115.73,6.72,50,0,0.0,0.0,0.0,0.0,0.0,0.0
2025-11-27 16:51:57,106748,190874,9382.15,16776.04,-0.27,-0.08,1.16,-4.9,-10.36,-0.17,-3.94,13.04,115.82,6.72,50,0,0.0,0.0,0.0,0.0,0.0,0.0
2025-11-27 16:51:57,106780,190934,9384.96,16781.31,0.07,0.18,0.94,-3.08,-27.63,8.58,10.92,-4.01,115.91,6.72,50,0,0.0,0.0,0.0,0.0,0.0,0.0
2025-11-27 16:51:57,106811,190991,9387.69,16786.32,0.01,-0.22,1.0,1.37,72.56,-4.05,-12.41,-0.38,115.97,6.72,50,0,0.0,0.0,0.0,0.0,0.0,0.0
2025-11-27 16:51:57,106841,191048,9390.32,16791.33,-0.33,0.14,1.44,0.98,14.12,0.85,5.35,12.79,115.88,6.72,50,0,0.0,0.0,0.0,0.0,0.0,0.0
2025-11-27 16:51:57,106869,191104,9392.78,16796.25,-0.08,-0.03,0.95,-0.1,26.15,2.11,-1.66,4.74,116.0,6.72,50,0,0.0,0.0,0.0,0.0,0.0,0.0
2025-11-27 16:51:57,106900,191161,9395.51,16801.26,-0.23,0.05,1.16,-3.1,-2.11,-1.02,2.53,11.08,115.92,6.72,50,0,0.0,0.0,0.0,0.0,0.0,0.0
2025-11-27 16:51:57,106929,191220,9398.06,16806.45,-0.24,0.2,1.19,1.57,6.21,5.81,9.21,11.26,115.97,6.72,50,0,0.0,0.0,0.0,0.0,0.0,0.0
2025-11-27 16:51:57,106958,191277,9400.61,16811.46,-0.13,-0.11,1.37,-1.47,12.88,-2.46,-4.47,5.45,115.93,6.72,50,0,0.0,0.0,0.0,0.0,0.0,0.0
2025-11-27 16:51:57,106988,191333,9403.24,16816.38,-0.02,0.05,1.19,0.24,-6.78,2.21,2.54,1.08,116.01,6.72,50,0,0.0,0.0,0.0,0.0,0.0,0.0
2025-11-27 16:51:57,107017,191389,9405.79,16821.3,0.0,-0.04,0.97,-1.33,15.3,4.21,-2.45,-0.03,116.19,6.72,50,0,0.0,0.0,0.0,0.0,0.0,0.0
2025-11-27 16:51:57,107046,191445,9408.34,16826.22,-0.1,-0.08,1.23,-5.36,43.26,-10.35,-3.69,4.68,116.12,6.72,50,0,0.0,0.0,0.0,0.0,0.0,0.0
2025-11-27 16:51:57,107075,191499,9410.89,16830.97,-0.16,0.16,1.15,-2.19,-33.91,6.23,7.79,7.77,116.15,6.72,50,0,0.0,0.0,0.0,0.0,0.0,0.0
2025-11-27 16:51:57,107104,191554,9413.44,16835.8,0.13,-0.08,0.8,-3.98,47.11,-3.63,-5.58,-9.38,116.28,6.72,50,0,0.0,0.0,0.0,0.0,0.0,0.0
2025-11-27 16:51:58,107134,191608,9416.07,16840.55,-0.05,0.02,1.16,2.15,-18.74,5.6,1.19,2.58,116.36,6.72,50,0,0.0,0.0,0.0,0.0,0.0,0.0
2025-11-27 16:51:58,107165,191665,9418.8,16845.56,-0.07,0.08,1.22,-4.11,10.8,-2.04,3.85,3.5,116.22,6.72,50,0,0.0,0.0,0.0,0.0,0.0,0.0
2025-11-27 16:51:58,107195,191718,9421.44,16850.21,-0.35,0.02,1.58,4.07,-21.69,7.97,0.76,12.41,116.29,6.72,50,0,0.0,0.0,0.0,0.0,0.0,0.0
2025-11-27 16:51:58,107226,191774,9424.16,16855.14,-0.15,-0.01,1.08,0.0,3.92,4.85,-0.73,8.16,116.44,6.72,50,0,0.0,0.0,0.0,0.0,0.0,0.0
2025-11-27 16:51:58,107257,191830,9426.88,16860.06,-0.57,0.0,1.33,-2.23,12.21,2.73,0.13,23.04,116.53,6.72,50,0,0.0,0.0,0.0,0.0,0.0,0.0
2025-11-27 16:51:58,107289,191888,9429.7,16865.16,-0.12,0.14,1.13,-2.27,0.7,1.68,6.82,6.25,116.5,6.72,50,0,0.0,0.0,0.0,0.0,0.0,0.0
2025-11-27 16:51:58,107320,191943,9432.42,16869.99,-0.1,0.01,1.05,-1.56,29.55,3.81,0.53,5.35,116.61,6.72,50,0,0.0,0.0,0.0,0.0,0.0,0.0
2025-11-27 16:51:58,107352,192002,9435.23,16875.18,-0.72,-0.02,1.71,-0.24,-40.58,4.58,-0.48,22.78,116.61,6.72,50,0,0.0,0.0,0.0,0.0,0.0,0.0
2025-11-27 16:51:58,107384,192059,9438.05,16880.19,0.1,0.02,0.85,0.74,-6.79,4.7,1.55,-6.95,116.64,6.72,50,0,0.0,0.0,0.0,0.0,0.0,0.0
2025-11-27 16:51:58,107415,192116,9440.77,16885.2,-0.3,0.05,1.3,-2.14,45.73,-2.48,2.08,12.98,116.64,6.72,50,0,0.0,0.0,0.0,0.0,0.0,0.0
2025-11-27 16:51:58,107447,192174,9443.58,16890.29,-0.51,-0.09,1.58,0.24,12.52,1.07,-3.03,17.93,116.67,6.72,50,0,0.0,0.0,0.0,0.0,0.0,0.0
2025-11-27 16:51:58,107478,192229,9446.31,16895.13,-0.21,-0.1,1.33,-5.09,-19.48,-0.8,-4.16,8.77,116.73,6.72,50,0,0.0,0.0,0.0,0.0,0.0,0.0
2025-11-27 16:51:58,107511,192288,9449.21,16900.31,-0.61,0.22,1.53,0.02,-42.91,4.22,7.58,21.78,116.77,6.72,50,0,0.0,0.0,0.0,0.0,0.0,0.0
2025-11-27 16:51:58,107542,192345,9451.93,16905.32,0.04,-0.1,1.03,-3.19,38.23,-4.75,-5.56,-2.11,116.9,6.72,50,0,0.0,0.0,0.0,0.0,0.0,0.0
2025-11-27 16:51:58,107573,192401,9454.66,16910.24,-0.2,-0.03,1.19,-1.11,-5.18,0.38,-1.53,9.64,116.85,6.72,50,0,0.0,0.0,0.0,0.0,0.0,0.0
2025-11-27 16:51:58,107604,192456,9457.38,16915.08,0.14,-0.0,1.02,2.52,-4.24,1.67,-0.16,-7.91,116.97,6.72,50,0,0.0,0.0,0.0,0.0,0.0,0.0
2025-11-27 16:51:58,107636,192515,9460.2,16920.26,-0.31,-0.13,1.36,-6.08,23.64,-7.69,-5.3,12.98,116.94,6.72,50,0,0.0,0.0,0.0,0.0,0.0,0.0
2025-11-27 16:51:58,107667,192571,9462.92,16925.19,-0.37,0.12,1.53,2.95,-18.4,5.68,4.36,13.6,116.95,6.72,50,0,0.0,0.0,0.0,0.0,0.0,0.0
2025-11-27 16:51:58,107698,192626,9465.64,16930.02,-0.12,0.04,1.04,-1.53,1.55,1.11,2.03,6.61,117.12,6.72,50,0,0.0,0.0,0.0,0.0,0.0,0.0
2025-11-27 16:51:58,107729,192681,9468.37,16934.85,-0.1,-0.15,0.89,-1.98,46.31,-1.37,-9.2,6.4,117.23,6.72,50,0,0.0,0.0,0.0,0.0,0.0,0.0
2025-11-27 16:51:59,107761,192734,9471.18,16939.51,-0.51,-0.05,1.58,-5.58,-2.11,-8.8,-1.88,17.8,117.09,6.72,50,0,0.0,0.0,0.0,0.0,0.0,0.0
2025-11-27 16:51:59,107792,192791,9473.91,16944.52,-0.1,0.14,1.24,-0.63,-27.91,4.42,6.53,4.53,117.06,6.72,50,0,0.0,0.0,0.0,0.0,0.0,0.0
2025-11-27 16:51:59,107822,192844,9476.54,16949.18,-0.27,0.05,1.19,-2.59,8.48,-1.95,2.35,12.78,117.15,6.72,50,0,0.0,0.0,0.0,0.0,0.0,0.0
2025-11-27 16:51:59,107855,192900,9479.44,16954.1,-0.08,-0.1,1.2,-4.05,20.92,-0.53,-4.66,4.0,117.21,6.72,50,0,0.0,0.0,0.0,0.0,0.0,0.0
2025-11-27 16:51:59,107886,192955,9482.17,16958.94,-0.15,-0.01,1.08,-6.16,-0.24,-1.27,-0.79,8.14,117.18,6.72,50,0,0.0,0.0,0.0,0.0,0.0,0.0
2025-11-27 16:51:59,107917,193010,9484.89,16963.77,-0.07,0.05,1.18,2.33,-1.57,5.11,2.4,3.53,117.15,6.72,50,0,0.0,0.0,0.0,0.0,0.0,0.0
2025-11-27 16:51:59,107949,193066,9487.71,16968.69,-0.21,0.06,1.17,-2.48,-4.67,2.65,2.77,10.02,117.25,6.72,50,0,0.0,0.0,0.0,0.0,0.0,0.0
2025-11-27 16:51:59,107979,193121,9490.34,16973.53,0.0,0.01,0.97,-2.14,1.02,4.23,0.83,-0.25,117.38,6.72,50,0,0.0,0.0,0.0,0.0,0.0,0.0
2025-11-27 16:51:59,108011,193179,9493.15,16978.62,-0.14,0.13,1.27,-2.06,10.37,-0.16,6.02,6.48,117.3,6.72,50,0,0.0,0.0,0.0,0.0,0.0,0.0
2025-11-27 16:51:59,108041,193236,9495.79,16983.63,-0.09,0.02,1.21,-1.92,-1.72,4.91,1.13,4.43,117.37,6.72,50,0,0.0,0.0,0.0,0.0,0.0,0.0
2025-11-27 16:51:59,108072,193293,9498.52,16988.64,-0.21,0.05,1.24,-4.73,-9.02,-0.77,2.09,9.41,117.38,6.72,50,0,0.0,0.0,0.0,0.0,0.0,0.0
2025-11-27 16:51:59,108101,193348,9501.06,16993.48,0.27,0.04,0.98,-3.45,9.13,-0.71,2.37,-15.3,117.43,6.72,50,0,0.0,0.0,0.0,0.0,0.0,0.0
2025-11-27 16:51:59,108130,193406,9503.61,16998.57,0.19,-0.19,0.95,1.11,30.88,-2.51,-11.38,-11.33,117.48,6.72,50,0,0.0,0.0,0.0,0.0,0.0,0.0
2025-11-27 16:51:59,108159,193465,9506.16,17003.76,-0.12,-0.0,1.06,0.65,38.68,-1.95,-0.26,6.26,117.55,6.72,50,0,0.0,0.0,0.0,0.0,0.0,0.0
2025-11-27 16:51:59,108187,193521,9508.62,17008.68,-0.05,-0.06,0.94,-6.15,25.84,-3.85,-3.42,3.23,117.59,6.72,50,0,0.0,0.0,0.0,0.0,0.0,0.0
2025-11-27 16:51:59,108216,193578,9511.17,17013.69,-0.09,0.18,1.17,-1.98,-8.31,4.35,8.67,4.66,117.61,6.72,50,0,0.0,0.0,0.0,0.0,0.0,0.0
2025-11-27 16:51:59,108245,193637,9513.72,17018.88,0.01,-0.21,1.02,-6.78,32.92,-2.75,-11.6,-0.45,117.68,6.72,50,0,0.0,0.0,0.0,0.0,0.0,0.0
2025-11-27 16:51:59,108274,193694,9516.27,17023.89,0.16,0.01,0.93,-5.94,-22.08,3.6,0.67,-9.92,117.56,6.72,50,0,0.0,0.0,0.0,0.0,0.0,0.0
2025-11-27 16:51:59,108303,193751,9518.82,17028.9,-0.01,0.02,1.13,2.49,-2.15,7.6,0.95,0.69,117.64,6.72,50,0,0.0,0.0,0.0,0.0,0.0,0.0
2025-11-27 16:51:59,108331,193808,9521.28,17033.91,0.11,0.09,0.92,0.71,15.08,-3.14,5.74,-6.8,117.55,6.72,50,0,0.0,0.0,0.0,0.0,0.0,0.0
2025-11-27 16:51:59,108360,193864,9523.83,17038.83,-0.22,0.2,1.17,4.44,-11.11,7.7,9.45,10.6,117.66,6.72,50,0,0.0,0.0,0.0,0.0,0.0,0.0
2025-11-27 16:52:00,108389,193918,9526.38,17043.57,-0.79,0.15,1.57,-5.46,-19.11,6.12,4.86,26.83,117.87,6.72,50,0,0.0,0.0,0.0,0.0,0.0,0.0
2025-11-27 16:52:00,108419,193975,9529.01,17048.58,-0.37,0.08,1.32,-4.36,-8.92,-0.41,3.2,15.51,117.79,6.72,50,0,0.0,0.0,0.0,0.0,0.0,0.0
2025-11-27 16:52:00,108448,194029,9531.56,17053.33,-0.11,0.11,1.22,-0.85,-30.16,3.12,5.0,4.95,117.77,6.72,50,0,0.0,0.0,0.0,0.0,0.0,0.0
2025-11-27 16:52:00,108479,194084,9534.29,17058.16,-0.03,0.0,0.97,1.1,3.56,6.85,0.19,1.51,117.94,6.72,50,0,0.0,0.0,0.0,0.0,0.0,0.0
2025-11-27 16:52:00,108510,194137,9537.01,17062.82,-0.06,-0.07,0.84,-1.65,14.47,-0.6,-4.48,4.19,118.05,6.72,50,0,0.0,0.0,0.0,0.0,0.0,0.0
2025-11-27 16:52:00,108541,194193,9539.74,17067.74,-0.24,-0.16,1.22,-1.49,8.7,-0.76,-7.12,11.23,117.99,6.72,50,0,0.0,0.0,0.0,0.0,0.0,0.0
2025-11-27 16:52:00,108572,194248,9542.46,17072.58,0.1,-0.08,1.16,-3.41,26.11,-6.89,-3.86,-5.08,117.88,6.72,50,0,0.0,0.0,0.0,0.0,0.0,0.0
2025-11-27 16:52:00,108603,194304,9545.19,17077.5,-0.29,-0.01,1.41,0.67,-32.51,4.37,-0.48,11.71,117.98,6.72,50,0,0.0,0.0,0.0,0.0,0.0,0.0
2025-11-27 16:52:00,108635,194359,9548.0,17082.33,-0.01,0.0,1.02,-5.64,-6.94,-1.18,0.19,0.44,118.07,6.72,50,0,0.0,0.0,0.0,0.0,0.0,0.0
2025-11-27 16:52:00,108666,194415,9550.72,17087.26,0.06,-0.01,1.15,-6.19,12.05,-3.35,-0.57,-2.85,118.06,6.72,50,0,0.0,0.0,0.0,0.0,0.0,0.0
2025-11-27 16:52:00,108698,194471,9553.54,17092.18,-0.18,0.08,1.28,-2.85,8.97,-2.6,3.41,8.01,118.07,6.72,50,0,0.0,0.0,0.0,0.0,0.0,0.0
2025-11-27 16:52:00,108730,194528,9556.35,17097.19,-0.06,-0.03,1.02,-3.61,6.6,0.07,-1.75,3.22,118.15,6.72,50,0,0.0,0.0,0.0,0.0,0.0,0.0
2025-11-27 16:52:00,108762,194584,9559.16,17102.11,-0.42,0.03,1.26,-5.82,-32.4,-0.23,1.42,18.31,118.16,6.72,50,0,0.0,0.0,0.0,0.0,0.0,0.0
2025-11-27 16:52:00,108794,194641,9561.97,17107.12,0.37,-0.06,0.93,-0.89,12.56,-1.34,-3.64,-21.51,118.14,6.72,50,0,0.0,0.0,0.0,0.0,0.0,0.0
2025-11-27 16:52:00,108825,194697,9564.7,17112.04,0.23,-0.15,0.75,-0.91,20.49,0.49,-10.91,-17.26,118.26,6.72,50,0,0.0,0.0,0.0,0.0,0.0,0.0
2025-11-27 16:52:00,108858,194754,9567.6,17117.05,0.04,0.1,1.21,-2.6,39.44,-6.6,4.72,-1.8,118.15,6.72,50,0,0.0,0.0,0.0,0.0,0.0,0.0
2025-11-27 16:52:00,108890,194811,9570.41,17122.06,0.08,0.09,0.84,-3.73,24.89,1.76,5.98,-5.75,118.29,6.72,50,0,0.0,0.0,0.0,0.0,0.0,0.0
2025-11-27 16:52:00,108921,194867,9573.13,17126.98,-0.36,-0.17,1.41,-3.62,-5.07,-3.05,-6.5,14.34,118.27,6.72,50,0,0.0,0.0,0.0,0.0,0.0,0.0
2025-11-27 16:52:00,108953,194923,9575.95,17131.9,-0.08,0.18,1.17,-2.88,-9.18,1.66,8.56,3.74,118.25,6.72,50,0,0.0,0.0,0.0,0.0,0.0,0.0
2025-11-27 16:52:01,108983,194978,9578.58,17136.74,-0.07,0.02,0.98,4.54,35.09,3.14,1.28,4.03,118.45,6.72,50,0,0.0,0.0,0.0,0.0,0.0,0.0
2025-11-27 16:52:01,109015,195036,9581.4,17141.84,0.06,-0.01,1.12,-5.34,20.07,-5.96,-0.71,-2.86,118.36,6.72,50,0,0.0,0.0,0.0,0.0,0.0,0.0
2025-11-27 16:52:01,109047,195091,9584.21,17146.67,-0.23,0.14,1.36,5.03,12.13,5.6,5.62,9.55,118.42,6.72,50,0,0.0,0.0,0.0,0.0,0.0,0.0
2025-11-27 16:52:01,109078,195144,9586.93,17151.33,0.16,0.02,0.79,-1.64,30.31,0.24,1.65,-11.28,118.57,6.72,50,0,0.0,0.0,0.0,0.0,0.0,0.0
2025-11-27 16:52:01,109111,195200,9589.83,17156.25,-0.17,-0.02,0.95,-0.63,40.62,-0.62,-1.04,10.38,118.72,6.72,50,0,0.0,0.0,0.0,0.0,0.0,0.0
2025-11-27 16:52:01,109141,195254,9592.47,17161.0,-0.37,-0.09,1.45,-9.31,4.92,-9.02,-3.26,14.25,118.62,6.72,50,0,0.0,0.0,0.0,0.0,0.0,0.0
2025-11-27 16:52:01,109174,195309,9595.37,17165.83,-0.18,0.14,1.42,0.56,-25.01,1.71,5.66,7.12,118.54,6.72,50,0,0.0,0.0,0.0,0.0,0.0,0.0
2025-11-27 16:52:01,109205,195365,9598.1,17170.75,-0.07,0.06,1.13,-4.04,28.3,-1.9,3.17,3.46,118.63,6.72,50,0,0.0,0.0,0.0,0.0,0.0,0.0
2025-11-27 16:52:01,109237,195419,9600.91,17175.5,-0.13,-0.08,1.07,-1.85,5.27,3.37,-4.26,7.02,118.76,6.72,50,0,0.0,0.0,0.0,0.0,0.0,0.0
2025-11-27 16:52:01,109268,195474,9603.63,17180.33,0.01,-0.01,0.86,-3.15,22.04,1.96,-0.34,-0.5,118.82,6.72,50,0,0.0,0.0,0.0,0.0,0.0,0.0
2025-11-27 16:52:01,109299,195529,9606.36,17185.17,-0.16,0.02,1.17,-3.23,14.44,1.25,0.78,7.8,118.78,6.72,50,0,0.0,0.0,0.0,0.0,0.0,0.0
2025-11-27 16:52:01,109330,195584,9609.08,17190.0,-0.05,0.2,1.18,-1.06,4.34,1.63,9.79,2.47,118.77,6.72,50,0,0.0,0.0,0.0,0.0,0.0,0.0
2025-11-27 16:52:01,109360,195640,9611.72,17194.92,-0.08,0.11,1.06,1.18,10.62,3.65,5.93,4.2,118.85,6.72,50,0,0.0,0.0,0.0,0.0,0.0,0.0
2025-11-27 16:52:01,109390,195697,9614.36,17199.93,-0.37,0.05,1.31,-2.98,-3.34,0.89,1.91,15.85,118.81,6.72,50,0,0.0,0.0,0.0,0.0,0.0,0.0
2025-11-27 16:52:01,109419,195753,9616.9,17204.85,0.01,-0.01,1.12,-1.13,0.17,5.04,-0.37,-0.27,118.82,6.72,50,0,0.0,0.0,0.0,0.0,0.0,0.0
2025-11-27 16:52:01,109447,195810,9619.37,17209.86,0.06,0.04,0.9,-0.82,43.85,2.59,2.78,-3.89,118.91,6.72,50,0,0.0,0.0,0.0,0.0,0.0,0.0
2025-11-27 16:52:01,109476,195866,9621.91,17214.79,-0.67,0.07,1.63,-2.51,-15.65,-0.32,2.19,22.4,118.85,6.72,50,0,0.0,0.0,0.0,0.0,0.0,0.0
2025-11-27 16:52:01,109505,195923,9624.46,17219.79,-0.49,-0.0,1.53,-1.45,-26.14,4.66,-0.14,17.65,118.88,6.72,50,0,0.0,0.0,0.0,0.0,0.0,0.0
2025-11-27 16:52:01,109533,195979,9626.92,17224.72,-0.62,0.03,1.43,-10.5,-12.05,-1.85,1.19,23.26,118.91,6.72,50,0,0.0,0.0,0.0,0.0,0.0,0.0
2025-11-27 16:52:01,109562,196036,9629.47,17229.73,-0.18,0.04,1.45,3.86,-8.73,4.34,1.4,7.06,118.89,6.72,50,0,0.0,0.0,0.0,0.0,0.0,0.0
2025-11-27 16:52:02,109589,196092,9631.85,17234.65,-0.33,0.15,1.24,3.99,-7.78,2.12,6.63,14.92,119.04,6.72,50,0,0.0,0.0,0.0,0.0,0.0,0.0
2025-11-27 16:52:02,109619,196150,9634.48,17239.75,0.18,-0.0,0.92,-2.95,-1.76,-4.26,-0.16,-10.91,119.0,6.72,50,0,0.0,0.0,0.0,0.0,0.0,0.0
2025-11-27 16:52:02,109648,196206,9637.03,17244.67,-0.55,0.16,1.65,-1.76,7.98,-1.64,5.19,18.47,119.13,6.72,50,0,0.0,0.0,0.0,0.0,0.0,0.0
2025-11-27 16:52:02,109678,196261,9639.67,17249.5,-0.61,0.0,1.28,-4.98,-10.76,-2.11,0.12,25.43,119.26,6.72,50,0,0.0,0.0,0.0,0.0,0.0,0.0
2025-11-27 16:52:02,109707,196316,9642.22,17254.34,-0.6,0.04,1.56,-5.15,-54.76,1.77,1.38,21.02,119.19,6.72,50,0,0.0,0.0,0.0,0.0,0.0,0.0
2025-11-27 16:52:02,109739,196373,9645.03,17259.35,0.33,0.06,0.98,1.53,47.44,-1.32,3.08,-18.88,119.26,6.72,50,0,0.0,0.0,0.0,0.0,0.0,0.0
2025-11-27 16:52:02,109770,196428,9647.75,17264.18,0.08,0.02,0.86,0.57,13.56,5.16,1.4,-5.44,119.46,6.72,50,0,0.0,0.0,0.0,0.0,0.0,0.0
2025-11-27 16:52:02,109801,196482,9650.48,17268.93,0.15,-0.12,0.9,-4.02,31.59,-1.92,-7.59,-9.37,119.52,6.72,50,0,0.0,0.0,0.0,0.0,0.0,0.0
2025-11-27 16:52:02,109831,196535,9653.12,17273.58,-0.09,-0.0,1.04,-2.23,17.73,0.75,-0.2,4.81,119.48,6.72,50,0,0.0,0.0,0.0,0.0,0.0,0.0
2025-11-27 16:52:02,109863,196591,9655.93,17278.51,0.32,0.12,0.85,-0.43,15.88,1.37,7.4,-20.55,119.38,6.72,50,0,0.0,0.0,0.0,0.0,0.0,0.0
2025-11-27 16:52:02,109894,196643,9658.65,17283.08,-0.2,0.09,1.26,-2.66,19.06,-2.36,3.89,9.22,119.43,6.72,50,0,0.0,0.0,0.0,0.0,0.0,0.0
2025-11-27 16:52:02,109926,196697,9661.46,17287.82,-0.03,0.01,1.11,-1.4,-5.57,3.19,0.42,1.3,119.54,6.72,50,0,0.0,0.0,0.0,0.0,0.0,0.0
2025-11-27 16:52:02,109958,196753,9664.28,17292.74,0.16,-0.04,0.91,-2.94,15.98,-2.79,-2.56,-9.74,119.65,6.72,50,0,0.0,0.0,0.0,0.0,0.0,0.0
2025-11-27 16:52:02,109990,196807,9667.09,17297.49,-0.28,0.0,1.3,-2.08,5.79,0.78,0.21,12.27,119.71,6.72,50,0,0.0,0.0,0.0,0.0,0.0,0.0
2025-11-27 16:52:02,110022,196862,9669.9,17302.32,0.13,-0.13,0.95,-4.09,26.33,-4.47,-7.79,-7.72,119.69,6.72,50,0,0.0,0.0,0.0,0.0,0.0,0.0
2025-11-27 16:52:02,110054,196917,9672.71,17307.16,-0.39,0.13,1.37,-0.73,-15.25,3.3,5.25,16.05,119.69,6.72,50,0,0.0,0.0,0.0,0.0,0.0,0.0
2025-11-27 16:52:02,110085,196973,9675.44,17312.08,0.33,0.07,0.68,-1.6,13.5,1.23,5.37,-25.67,119.76,6.72,50,0,0.0,0.0,0.0,0.0,0.0,0.0
2025-11-27 16:52:02,110116,197028,9678.16,17316.91,0.02,0.08,1.0,-2.05,25.84,1.47,4.62,-1.33,119.81,6.72,50,0,0.0,0.0,0.0,0.0,0.0,0.0
2025-11-27 16:52:02,110149,197086,9681.06,17322.01,-0.34,0.1,1.29,-2.12,-0.26,1.62,4.19,14.6,119.79,6.72,50,0,0.0,0.0,0.0,0.0,0.0,0.0
2025-11-27 16:52:02,110180,197140,9683.79,17326.76,-0.18,-0.01,1.14,-2.96,-24.02,4.15,-0.72,8.79,119.87,6.72,50,0,0.0,0.0,0.0,0.0,0.0,0.0
2025-11-27 16:52:03,110213,197199,9686.69,17331.94,-0.76,-0.03,1.79,-4.24,-4.37,-3.05,-0.85,22.98,119.86,6.72,50,0,0.0,0.0,0.0,0.0,0.0,0.0
2025-11-27 16:52:03,110245,197256,9689.5,17336.95,-0.15,0.04,1.1,-1.47,-40.5,3.02,2.19,7.97,120.01,6.72,50,0,0.0,0.0,0.0,0.0,0.0,0.0
2025-11-27 16:52:03,110275,197311,9692.14,17341.79,-0.4,-0.03,1.27,-5.43,-12.92,0.29,-1.3,17.59,120.06,6.72,50,0,0.0,0.0,0.0,0.0,0.0,0.0
2025-11-27 16:52:03,110308,197369,9695.04,17346.88,0.09,0.16,1.21,0.19,22.46,-2.29,7.54,-4.29,120.02,6.72,50,0,0.0,0.0,0.0,0.0,0.0,0.0
2025-11-27 16:52:03,110339,197424,9697.76,17351.72,0.11,-0.1,0.91,-2.0,46.19,-2.47,-6.14,-6.81,120.15,6.72,50,0,0.0,0.0,0.0,0.0,0.0,0.0
2025-11-27 16:52:03,110372,197481,9700.66,17356.73,-0.44,-0.16,1.37,-10.28,-16.13,-5.39,-6.36,17.85,120.12,6.72,50,0,0.0,0.0,0.0,0.0,0.0,0.0
2025-11-27 16:52:03,110404,197538,9703.48,17361.74,0.14,0.09,1.07,-5.98,4.0,-2.07,4.94,-7.49,120.05,6.72,50,0,0.0,0.0,0.0,0.0,0.0,0.0
2025-11-27 16:52:03,110435,197592,9706.2,17366.48,0.05,-0.03,0.78,-2.11,-6.95,5.15,-1.89,-3.6,120.28,6.72,50,0,0.0,0.0,0.0,0.0,0.0,0.0
2025-11-27 16:52:03,110468,197650,9709.1,17371.58,-0.35,-0.01,1.41,-8.11,-18.11,-4.18,-0.24,13.79,120.21,6.72,50,0,0.0,0.0,0.0,0.0,0.0,0.0
2025-11-27 16:52:03,110499,197705,9711.83,17376.42,-0.06,0.04,1.17,-0.98,6.76,0.15,1.92,2.74,120.14,6.72,50,0,0.0,0.0,0.0,0.0,0.0,0.0
2025-11-27 16:52:03,110530,197758,9714.55,17381.07,-0.31,-0.01,1.4,-1.92,25.56,-2.77,-0.41,12.33,120.23,6.72,50,0,0.0,0.0,0.0,0.0,0.0,0.0
2025-11-27 16:52:03,110562,197815,9717.36,17386.08,-0.41,-0.04,1.3,-3.01,-8.41,4.73,-1.7,17.45,120.39,6.72,50,0,0.0,0.0,0.0,0.0,0.0,0.0
2025-11-27 16:52:03,110593,197870,9720.09,17390.92,-0.19,0.05,1.33,-7.04,14.59,-5.97,1.95,8.18,120.28,6.72,50,0,0.0,0.0,0.0,0.0,0.0,0.0
2025-11-27 16:52:03,110624,197924,9722.81,17395.66,-0.29,0.13,1.27,-3.79,-4.64,2.43,5.58,13.03,120.25,6.72,50,0,0.0,0.0,0.0,0.0,0.0,0.0
2025-11-27 16:52:03,110653,197977,9725.36,17400.32,0.04,0.1,1.02,3.31,5.47,5.8,5.33,-2.06,120.35,6.72,50,0,0.0,0.0,0.0,0.0,0.0,0.0
2025-11-27 16:52:03,110683,198034,9728.0,17405.33,-0.15,0.03,0.93,2.08,22.05,6.76,1.94,8.93,120.51,6.72,50,0,0.0,0.0,0.0,0.0,0.0,0.0
2025-11-27 16:52:03,110712,198089,9730.55,17410.17,-0.13,-0.03,1.07,-5.28,27.6,-0.71,-1.62,6.86,120.52,6.72,50,0,0.0,0.0,0.0,0.0,0.0,0.0
2025-11-27 16:52:03,110741,198145,9733.1,17415.09,-0.6,0.08,1.5,-3.84,-18.02,3.47,2.82,21.73,120.49,6.72,50,0,0.0,0.0,0.0,0.0,0.0,0.0
2025-11-27 16:52:03,110769,198200,9735.56,17419.92,-0.21,-0.08,1.25,2.14,5.29,4.48,-3.48,9.56,120.53,6.72,50,0,0.0,0.0,0.0,0.0,0.0,0.0
2025-11-27 16:52:03,110798,198256,9738.11,17424.84,-0.35,0.05,1.29,1.97,-19.49,5.7,2.02,15.32,120.61,6.72,50,0,0.0,0.0,0.0,0.0,0.0,0.0
2025-11-27 16:52:04,110826,198315,9740.57,17430.03,0.22,0.1,1.05,0.09,71.56,-2.79,5.29,-11.58,120.54,6.72,50,0,0.0,0.0,0.0,0.0,0.0,0.0
2025-11-27 16:52:04,110854,198371,9743.03,17434.95,-0.56,0.08,1.41,-3.74,-1.11,3.16,3.11,21.66,120.61,6.72,50,0,0.0,0.0,0.0,0.0,0.0,0.0
2025-11-27 16:52:04,110883,198428,9745.58,17439.96,-1.21,0.11,1.9,-2.68,-50.1,2.08,2.86,32.54,120.6,6.72,50,0,0.0,0.0,0.0,0.0,0.0,0.0
2025-11-27 16:52:04,110912,198484,9748.12,17444.88,-0.32,0.2,1.22,-4.78,-71.07,6.75,9.06,14.58,120.69,6.72,50,0,0.0,0.0,0.0,0.0,0.0,0.0
2025-11-27 16:52:04,110940,198539,9750.59,17449.72,0.1,-0.02,0.87,-3.25,2.5,2.63,-1.49,-6.66,120.71,6.72,50,0,0.0,0.0,0.0,0.0,0.0,0.0
2025-11-27 16:52:04,110971,198598,9753.31,17454.9,-0.33,0.21,1.39,-6.76,-56.76,3.83,8.34,13.57,120.69,6.72,50,0,0.0,0.0,0.0,0.0,0.0,0.0
2025-11-27 16:52:04,111002,198654,9756.04,17459.82,0.46,-0.07,0.73,1.39,68.22,-1.02,-4.92,-32.29,120.79,6.72,50,0,0.0,0.0,0.0,0.0,0.0,0.0
2025-11-27 16:52:04,111032,198710,9758.67,17464.75,-0.24,-0.0,1.44,-3.86,17.89,-2.17,-0.18,9.46,120.78,6.72,50,0,0.0,0.0,0.0,0.0,0.0,0.0
2025-11-27 16:52:04,111063,198767,9761.4,17469.76,0.31,0.13,1.13,-1.7,-13.9,1.23,6.42,-15.35,120.73,6.72,50,0,0.0,0.0,0.0,0.0,0.0,0.0
2025-11-27 16:52:04,111094,198824,9764.12,17474.77,-0.35,-0.07,1.31,-2.2,26.64,-1.16,-2.77,15.14,120.84,6.72,50,0,0.0,0.0,0.0,0.0,0.0,0.0
2025-11-27 16:52:04,111124,198878,9766.76,17479.51,-0.18,-0.01,1.45,-0.34,-22.67,-2.37,-0.25,6.96,120.77,6.72,50,0,0.0,0.0,0.0,0.0,0.0,0.0
2025-11-27 16:52:04,111157,198935,9769.66,17484.52,0.04,0.03,1.15,-1.56,6.95,2.9,1.55,-1.97,120.88,6.72,50,0,0.0,0.0,0.0,0.0,0.0,0.0
2025-11-27 16:52:04,111188,198988,9772.38,17489.18,-0.33,0.01,1.25,-2.82,30.37,-0.89,0.6,14.69,121.02,6.72,50,0,0.0,0.0,0.0,0.0,0.0,0.0
2025-11-27 16:52:04,111220,199045,9775.2,17494.19,-0.33,-0.05,1.15,-2.89,-13.83,4.2,-2.29,16.17,121.09,6.72,50,0,0.0,0.0,0.0,0.0,0.0,0.0
2025-11-27 16:52:04,111252,199099,9778.01,17498.94,-0.26,-0.04,1.45,-4.3,3.24,-4.25,-1.51,10.23,120.95,6.72,50,0,0.0,0.0,0.0,0.0,0.0,0.0
2025-11-27 16:52:04,111284,199153,9780.82,17503.68,-0.49,0.12,1.47,0.79,-38.68,8.32,4.59,18.59,121.01,6.72,50,0,0.0,0.0,0.0,0.0,0.0,0.0
2025-11-27 16:52:04,111316,199207,9783.63,17508.43,0.1,0.1,1.01,1.61,24.97,2.84,5.86,-5.57,121.08,6.72,50,0,0.0,0.0,0.0,0.0,0.0,0.0
2025-11-27 16:52:04,111348,199262,9786.45,17513.26,-0.35,0.04,1.29,0.26,5.55,2.96,1.53,15.27,121.24,6.72,50,0,0.0,0.0,0.0,0.0,0.0,0.0
2025-11-27 16:52:04,111381,199317,9789.35,17518.1,-0.13,-0.19,1.08,-4.73,21.83,-3.95,-9.82,6.75,121.26,6.72,50,0,0.0,0.0,0.0,0.0,0.0,0.0
2025-11-27 16:52:04,111413,199372,9792.16,17522.93,-0.14,-0.03,1.27,-5.78,24.8,-5.24,-1.55,6.33,121.21,6.72,50,0,0.0,0.0,0.0,0.0,0.0,0.0
2025-11-27 16:52:05,111445,199427,9794.97,17527.76,0.1,0.09,1.04,-7.43,0.85,-2.08,5.12,-5.56,121.17,6.72,50,0,0.0,0.0,0.0,0.0,0.0,0.0
2025-11-27 16:52:05,111476,199484,9797.7,17532.77,-0.6,0.03,1.37,-3.76,-5.69,0.85,1.05,23.65,121.29,6.72,50,0,0.0,0.0,0.0,0.0,0.0,0.0
